DROP TABLE IF EXISTS "users";

CREATE TABLE IF NOT EXISTS "users" (
  id BIGSERIAL PRIMARY KEY,
  username VARCHAR(255) NOT NULL,
  password VARCHAR(255) NOT NULL,
  email VARCHAR(255) NOT NULL,
  enabled BOOLEAN DEFAULT TRUE
);

DROP TABLE IF EXISTS "cryptocurrency";

CREATE TABLE IF NOT EXISTS "cryptocurrency" (
  id BIGSERIAL PRIMARY KEY,
  name VARCHAR(255) NOT NULL,
  symbol VARCHAR(255) NOT NULL
);

DROP TABLE IF EXISTS "transaction";

CREATE TABLE IF NOT EXISTS "transaction" (
  id BIGSERIAL PRIMARY KEY,
  user_id INTEGER NOT NULL,
  crypto_currency_id INTEGER NOT NULL,
  amount NUMERIC(22,0) NOT NULL,
  operation_type VARCHAR(50) NOT NULL,
  transaction_date VARCHAR(255) NOT NULL,
  CONSTRAINT fk_user_id FOREIGN KEY(user_id) REFERENCES "users"(id),
  CONSTRAINT fk_cryptocurrency FOREIGN KEY(crypto_currency_id) REFERENCES cryptocurrency(id)
);

INSERT INTO "cryptocurrency" ("id", "name", "symbol") VALUES
(1,	'Bitcoin',	'BTC'),
(2,	'Ethereum',	'ETH'),
(3,	'Tether',	'USDT'),
(4,	'XRP',	'XRP'),
(5,	'Polkadot',	'DOT'),
(6,	'Cardano',	'ADA'),
(7,	'Chainlink',	'LINK'),
(8,	'Litecoin',	'LTC'),
(9,	'Binance Coin',	'BNB'),
(10,	'Bitcoin Cash',	'BCH'),
(11,	'Stellar',	'XLM'),
(12,	'Dogecoin',	'DOGE'),
(13,	'USD Coin',	'USDC'),
(14,	'Aave',	'AAVE'),
(15,	'Uniswap',	'UNI'),
(16,	'Wrapped Bitcoin',	'WBTC'),
(17,	'Bitcoin SV',	'BSV'),
(18,	'EOS',	'EOS'),
(19,	'Monero',	'XMR'),
(20,	'NEM',	'XEM'),
(21,	'TRON',	'TRX'),
(22,	'Synthetix',	'SNX'),
(23,	'Tezos',	'XTZ'),
(24,	'Maker',	'MKR'),
(25,	'Compound',	'COMP'),
(26,	'THETA',	'THETA'),
(27,	'SushiSwap',	'SUSHI'),
(28,	'Cosmos',	'ATOM'),
(29,	'UMA',	'UMA'),
(30,	'VeChain',	'VET'),
(31,	'Dai',	'DAI'),
(32,	'Solana',	'SOL'),
(33,	'Neo',	'NEO'),
(34,	'Huobi Token',	'HT'),
(35,	'Crypto.com Coin',	'CRO'),
(36,	'Binance USD',	'BUSD'),
(37,	'UNUS SED LEO',	'LEO'),
(38,	'Terra',	'LUNA'),
(39,	'Elrond',	'EGLD'),
(40,	'FTX Token',	'FTT'),
(41,	'IOTA',	'MIOTA'),
(42,	'Avalanche',	'AVAX'),
(43,	'Celsius',	'CEL'),
(44,	'Dash',	'DASH'),
(45,	'Filecoin',	'FIL'),
(46,	'The Graph',	'GRT'),
(47,	'Zcash',	'ZEC'),
(48,	'Kusama',	'KSM'),
(49,	'Revain',	'REV'),
(50,	'Decred',	'DCR'),
(51,	'yearn.finance',	'YFI'),
(52,	'Algorand',	'ALGO'),
(53,	'Ethereum Classic',	'ETC'),
(54,	'Ren',	'REN'),
(55,	'Zilliqa',	'ZIL'),
(56,	'SwissBorg',	'CHSB'),
(57,	'Waves',	'WAVES'),
(58,	'0x',	'ZRX'),
(59,	'Nexo',	'NEXO'),
(60,	'NEAR Protocol',	'NEAR'),
(61,	'Curve DAO Token',	'CRV'),
(62,	'Loopring',	'LRC'),
(63,	'OMG Network',	'OMG'),
(64,	'Hedera Hashgraph',	'HBAR'),
(65,	'THORChain',	'RUNE'),
(66,	'renBTC',	'RENBTC'),
(67,	'1inch',	'1INCH'),
(68,	'Voyager Token',	'VGX'),
(69,	'Celo',	'CELO'),
(70,	'Ontology',	'ONT'),
(71,	'HedgeTrade',	'HEDG'),
(72,	'Basic Attention Token',	'BAT'),
(73,	'HUSD',	'HUSD'),
(74,	'Nano',	'NANO'),
(75,	'ICON',	'ICX'),
(76,	'DigiByte',	'DGB'),
(77,	'Quant',	'QNT'),
(78,	'BitTorrent',	'BTT'),
(79,	'Alpha Finance Lab',	'ALPHA'),
(80,	'Siacoin',	'SC'),
(81,	'Horizen',	'ZEN'),
(82,	'Reserve Rights',	'RSR'),
(83,	'TrueUSD',	'TUSD'),
(84,	'OKB',	'OKB'),
(85,	'Ampleforth',	'AMPL'),
(86,	'Fantom',	'FTM'),
(87,	'Qtum',	'QTUM'),
(88,	'Stacks',	'STX'),
(89,	'Kyber Network',	'KNC'),
(90,	'Enjin Coin',	'ENJ'),
(91,	'Ocean Protocol',	'OCEAN'),
(92,	'PancakeSwap',	'CAKE'),
(93,	'FunFair',	'FUN'),
(94,	'Verge',	'XVG'),
(95,	'Bancor',	'BNT'),
(96,	'IOST',	'IOST'),
(97,	'Decentraland',	'MANA'),
(98,	'TerraUSD',	'UST'),
(99,	'Bitcoin BEP2',	'BTCB'),
(100,	'Paxos Standard',	'PAX');

INSERT INTO "users" ("username", "password", "email") VALUES
('freeman.mohr',	'0l6lyyy8x',	'Romana.Pagac@gmail.com'),
('tobias.shields',	's26i95xz49e4ko',	'Lasandra.Ward@gmail.com'),
('houston.luettgen',	'lkf9ttsxcy',	'Virgilio.Miller@gmail.com'),
('gladis.trantow',	'fcq9s1rmg',	'Colby.Wiza@gmail.com'),
('anita.flatley',	'3y23lwum',	'Clinton.Douglas@gmail.com'),
('belva.nitzsche',	'xrqgmnocosaqm',	'Reynalda.Simonis@gmail.com'),
('modesto.tromp',	'bw8n3cf9',	'Cristobal.Kub@gmail.com'),
('delcie.beatty',	'gb3uyxo4pmk9',	'Renato.Gerlach@gmail.com'),
('harris.heller',	'szzrv2defr',	'Hayden.Goyette@gmail.com'),
('victor.block',	'1ywk3oqq',	'Logan.Toy@gmail.com'),
('bobbi.grady',	'8yas0ov2scd',	'Laurence.Rosenbaum@gmail.com'),
('rosanna.leffler',	'9bvm81mkg',	'Ellsworth.Robel@gmail.com'),
('claud.cole',	'pnysduri10r5',	'Versie.Morar@gmail.com'),
('wilbert.spencer',	'1tcw01j6m',	'Curt.Leannon@gmail.com'),
('jody.daniel',	'avb30s61lwkg',	'Brice.Bergnaum@gmail.com'),
('marg.wiza',	'uas1ap2r4xl5',	'Clair.Welch@gmail.com'),
('kaylene.witting',	'bkgxa04sr7ed',	'Soon.Cole@gmail.com'),
('merlene.weimann',	'fd4e1lekm9xiw2',	'Colton.Rogahn@gmail.com'),
('russel.quitzon',	'logsrv9xpp',	'Daina.Kuhlman@gmail.com'),
('demetrius.greenfelder',	'eczqsqh4budxle',	'Michaela.Corkery@gmail.com'),
('denny.bayer',	'arhcaqjd7',	'Cheryll.Borer@gmail.com'),
('gearldine.robel',	'tds399v7n',	'Lanora.Runte@gmail.com'),
('richard.leannon',	'2cfiw7zt2v',	'Josiah.O''Connell@gmail.com'),
('dorsey.satterfield',	'mfxzhp3231q3z2c',	'Marceline.Nitzsche@gmail.com'),
('elisabeth.halvorson',	'tdpk0jxbz2st',	'Effie.Harber@gmail.com'),
('fallon.turner',	'55d5z8cv',	'Miles.Konopelski@gmail.com'),
('clemente.krajcik',	'ysie202bxm9owu0',	'Oren.Nikolaus@gmail.com'),
('jean.mraz',	'fjqmql4s',	'Romelia.Zieme@gmail.com'),
('hai.klein',	'uil3l3bng',	'Adeline.Halvorson@gmail.com'),
('yvone.kuhlman',	'odwkq329wmpq',	'Christeen.Kirlin@gmail.com'),
('alex.haag',	'hueh2j2yn5',	'Donnell.Zboncak@gmail.com'),
('krista.hessel',	'f3dcof99hbc',	'Garnet.Gottlieb@gmail.com'),
('alethia.schneider',	'2ugs3t0rc',	'Darcey.Becker@gmail.com'),
('ferdinand.bauch',	'puy7x7kz3t',	'Crista.Moen@gmail.com'),
('trey.abernathy',	'jpom4f25x19',	'Ben.Cremin@gmail.com'),
('rickey.kilback',	'8sdw7o4cor9obkl',	'Shena.Morissette@gmail.com'),
('carlee.rippin',	'mvw1o9sfmhont2',	'Candy.Weimann@gmail.com'),
('eddy.leffler',	'cchggeszk6w0',	'Wilhemina.Marquardt@gmail.com'),
('tanisha.jacobson',	'd9tllti8m5jqo',	'Malorie.Rippin@gmail.com'),
('efren.schaden',	'im958e1y',	'Isiah.Hoppe@gmail.com'),
('clint.bogan',	'ut7smk82nfhld',	'Artie.Fritsch@gmail.com'),
('kim.herzog',	'eaj84aw85ui',	'Katharina.Mraz@gmail.com'),
('virgilio.ondricka',	'v3jnx770rmaskv',	'Tinisha.Deckow@gmail.com'),
('debroah.rath',	'di5zibt6eeono',	'Star.Kohler@gmail.com'),
('meg.barrows',	'u5nd2gzmwzn',	'Donald.Ondricka@gmail.com'),
('bree.terry',	'ycpaiu620qg08',	'Jacques.Bogisich@gmail.com'),
('lesli.kertzmann',	'q5scoutvf04m3g9',	'Antione.Waters@gmail.com'),
('harris.waters',	'vrf4hclmw',	'Rosendo.Jacobi@gmail.com'),
('magan.witting',	'wraf00bxagtm662',	'Andree.Mayer@gmail.com'),
('edison.mraz',	'ox2vmyeufxj8',	'Ngan.Walker@gmail.com'),
('joaquin.denesik',	'jfa3hs3qy',	'Meridith.Gleason@gmail.com'),
('jacki.littel',	'rn3ryupxisuavg',	'Leoma.Keeling@gmail.com'),
('grayce.armstrong',	'ibqalza3psvs',	'Genaro.Doyle@gmail.com'),
('carter.hills',	'4sq3ox409oal',	'Sabrina.Kling@gmail.com'),
('reggie.hirthe',	'2j0bxs1hvzvg1wm',	'Holley.Boyle@gmail.com'),
('bernard.stroman',	'5328isd173g0c95',	'Val.Abbott@gmail.com'),
('monique.mertz',	'tg7953mtq',	'Herbert.Wintheiser@gmail.com'),
('corey.cummerata',	'iebttzxj',	'Julene.Boyle@gmail.com'),
('lorinda.windler',	'yahvq9aq',	'Bernard.Rau@gmail.com'),
('alejandra.hilll',	'zb79kczroxm51c',	'Lula.Boyle@gmail.com'),
('jamika.west',	'jekhea3p1ha',	'Jarred.Kunze@gmail.com'),
('isidro.mraz',	'k46r9kenclep77',	'Jimmy.Abbott@gmail.com'),
('britt.rempel',	'p6qw6138',	'Stacia.Wyman@gmail.com'),
('jocelyn.grimes',	'x176pkj83j',	'Sherrie.Lesch@gmail.com'),
('stanton.raynor',	'0bwai8ak2jbb',	'Jung.Walsh@gmail.com'),
('howard.hoeger',	'91lzg21178rrns',	'Dara.Schimmel@gmail.com'),
('tressa.willms',	'ynlpv87o4u',	'Blanch.Gislason@gmail.com'),
('jenice.jacobson',	'7n7obytvq',	'Georgeanna.Ondricka@gmail.com'),
('noe.yundt',	'c6cogh07ao02',	'Salina.Heathcote@gmail.com'),
('clark.becker',	'7kl454rqn',	'Gregg.Sporer@gmail.com'),
('bridgett.hegmann',	'i4ejb7jiv',	'Maribel.Lesch@gmail.com'),
('marica.block',	'y70l8isaj',	'Dominque.Ankunding@gmail.com'),
('jerrell.hudson',	'intfxyg0tqtklnm',	'Rigoberto.Lesch@gmail.com'),
('kiara.koss',	'ra5y4419k',	'Marlin.Abbott@gmail.com'),
('verdell.keeling',	'5w235265r8g6ps',	'Jeromy.Heller@gmail.com'),
('modesto.heller',	'5xywex1ctuota9',	'Lexie.Lakin@gmail.com'),
('gina.larkin',	'9qzvugg7k',	'Rena.Lubowitz@gmail.com'),
('avelina.damore',	'wnjgydgaazwb0n',	'Lucretia.Boehm@gmail.com'),
('karena.buckridge',	'qipe23tvcs',	'Willis.Abshire@gmail.com'),
('celina.hermiston',	'adma7spn',	'Kendall.Dooley@gmail.com'),
('shirlene.dare',	'xdysxj7x',	'Babette.Kilback@gmail.com'),
('juan.hoppe',	'ygj3sidx',	'Javier.Kuphal@gmail.com'),
('phillip.weimann',	'7rktwi7xc',	'Lea.Wisozk@gmail.com'),
('teri.dach',	'd68vaom3f0ni3',	'Aron.White@gmail.com'),
('marcelo.sawayn',	'3hrkcf6ubidwk5',	'Thaddeus.Farrell@gmail.com'),
('lottie.kautzer',	'm1blbmt9h6wuo6',	'Margarete.Kuphal@gmail.com'),
('tamara.boehm',	'dsnpnc5z',	'Asley.Kertzmann@gmail.com'),
('genaro.batz',	'nsdb1drpk',	'Andre.Champlin@gmail.com'),
('lauren.gerlach',	'fm2izq9cajqq',	'Lonnie.Bogan@gmail.com'),
('valentine.walter',	'wap7lv3ih3izqcl',	'Lakia.Graham@gmail.com'),
('gregory.harvey',	'magvzjbtlkuuw',	'Wiley.Beahan@gmail.com'),
('adalberto.pfannerstill',	'mqcl56y86k139',	'Roberta.Price@gmail.com'),
('ross.mohr',	'gmhisy9v7jj5',	'Jeanmarie.Grimes@gmail.com'),
('abby.mcclure',	'gvi8t20q7e',	'Annalee.McLaughlin@gmail.com'),
('jonna.oconner',	'8tao7j9h9i30ng',	'Alison.Sanford@gmail.com'),
('dannie.larson',	'rap6k0sbwjl',	'Sydney.Schumm@gmail.com'),
('muriel.russel',	'qkjkqhjl8',	'Cyril.Sawayn@gmail.com'),
('harlan.larson',	'mlt6jmns0',	'Winona.Brown@gmail.com'),
('analisa.franecki',	'0snjt0kjg0r5k',	'Latrina.Carter@gmail.com'),
('eric.dietrich',	'mkrwc894nn9ir2',	'Hershel.Adams@gmail.com');

INSERT INTO "transaction" ("user_id", "crypto_currency_id", "amount", "operation_type", "transaction_date") VALUES
(40,	25,	207,	'BUY',	'2021-02-05T19:26:30.091'),
(85,	31,	334,	'BUY',	'2021-02-05T19:26:30.101'),
(92,	57,	9642,	'BUY',	'2021-02-05T19:26:30.105'),
(98,	1,	2606,	'BUY',	'2021-02-05T19:28:43.079'),
(69,	39,	8215,	'BUY',	'2021-02-05T19:28:43.082'),
(96,	61,	8535,	'BUY',	'2021-02-05T19:28:43.086'),
(50,	3,	2559,	'BUY',	'2021-02-05T19:28:43.089'),
(13,	42,	193,	'BUY',	'2021-02-05T19:28:43.095'),
(20,	46,	3805,	'BUY',	'2021-02-05T19:28:43.098'),
(4,	81,	5778,	'BUY',	'2021-02-05T19:28:43.104'),
(88,	90,	6471,	'BUY',	'2021-02-05T19:28:43.111'),
(84,	13,	1645,	'BUY',	'2021-02-05T19:28:43.117'),
(46,	89,	3558,	'BUY',	'2021-02-05T19:28:43.128'),
(99,	45,	8986,	'BUY',	'2021-02-05T19:28:43.131'),
(88,	69,	5435,	'BUY',	'2021-02-05T19:28:43.134'),
(72,	3,	8340,	'BUY',	'2021-02-05T19:28:43.137'),
(86,	45,	8465,	'BUY',	'2021-02-05T19:28:43.141'),
(24,	96,	6725,	'BUY',	'2021-02-05T19:28:43.149'),
(43,	54,	689,	'BUY',	'2021-02-05T19:28:43.152'),
(78,	50,	2110,	'BUY',	'2021-02-05T19:28:43.156'),
(19,	24,	7530,	'BUY',	'2021-02-05T19:28:43.160'),
(53,	98,	3972,	'BUY',	'2021-02-05T19:28:43.168'),
(51,	70,	5646,	'BUY',	'2021-02-05T19:29:03.203'),
(97,	13,	9228,	'BUY',	'2021-02-05T19:29:03.207'),
(40,	31,	8321,	'BUY',	'2021-02-05T19:29:03.218'),
(50,	93,	3650,	'BUY',	'2021-02-05T19:29:03.223'),
(60,	18,	7363,	'BUY',	'2021-02-05T19:29:03.231'),
(21,	49,	8854,	'BUY',	'2021-02-05T19:29:03.242'),
(70,	5,	7481,	'BUY',	'2021-02-05T19:29:03.256'),
(43,	37,	3791,	'BUY',	'2021-02-05T19:29:03.263'),
(99,	5,	5487,	'BUY',	'2021-02-05T19:29:03.271'),
(38,	65,	5749,	'BUY',	'2021-02-05T19:29:03.288'),
(20,	95,	4628,	'BUY',	'2021-02-05T19:29:03.294'),
(88,	34,	5985,	'BUY',	'2021-02-05T19:29:08.804'),
(89,	16,	8370,	'BUY',	'2021-02-05T19:29:08.825'),
(50,	91,	-353,	'SELL',	'2021-02-05T19:28:43.068'),
(65,	23,	-6060,	'SELL',	'2021-02-05T19:28:43.163'),
(68,	91,	-6453,	'SELL',	'2021-02-05T19:29:03.190'),
(37,	70,	-4943,	'SELL',	'2021-02-05T19:29:03.199'),
(8,	50,	-2637,	'SELL',	'2021-02-05T19:29:03.211'),
(75,	2,	-2891,	'SELL',	'2021-02-05T19:29:03.249'),
(94,	77,	-481,	'SELL',	'2021-02-05T19:29:03.253'),
(88,	72,	-6248,	'SELL',	'2021-02-05T19:29:03.267'),
(81,	42,	-7979,	'SELL',	'2021-02-05T19:29:08.814'),
(95,	65,	-4064,	'SELL',	'2021-02-05T19:29:08.821'),
(92,	73,	-2394,	'SELL',	'2021-02-05T19:29:08.828'),
(95,	74,	-5233,	'TRANSFERENCE',	'2021-02-05T19:26:30.079'),
(78,	45,	-6713,	'TRANSFERENCE',	'2021-02-05T19:26:30.088'),
(16,	94,	-4969,	'TRANSFERENCE',	'2021-02-05T19:26:30.097'),
(61,	47,	-9508,	'TRANSFERENCE',	'2021-02-05T19:28:43.092'),
(66,	3,	-5913,	'TRANSFERENCE',	'2021-02-05T19:28:43.101'),
(93,	96,	-1302,	'TRANSFERENCE',	'2021-02-05T19:28:43.107'),
(14,	22,	-6734,	'TRANSFERENCE',	'2021-02-05T19:28:43.114'),
(48,	98,	-5015,	'TRANSFERENCE',	'2021-02-05T19:28:43.121'),
(1,	66,	-2212,	'TRANSFERENCE',	'2021-02-05T19:28:43.125'),
(51,	77,	-2776,	'TRANSFERENCE',	'2021-02-05T19:28:43.145'),
(77,	62,	-6933,	'TRANSFERENCE',	'2021-02-05T19:28:43.165'),
(64,	55,	-4621,	'TRANSFERENCE',	'2021-02-05T19:29:03.215'),
(42,	27,	-2335,	'TRANSFERENCE',	'2021-02-05T19:29:03.226'),
(24,	8,	-2545,	'TRANSFERENCE',	'2021-02-05T19:29:03.235'),
(10,	46,	-3531,	'TRANSFERENCE',	'2021-02-05T19:29:03.239'),
(68,	42,	-559,	'TRANSFERENCE',	'2021-02-05T19:29:03.245'),
(35,	53,	-8838,	'TRANSFERENCE',	'2021-02-05T19:29:03.260'),
(56,	7,	-16,	'TRANSFERENCE',	'2021-02-05T19:29:03.275'),
(76,	33,	-423,	'TRANSFERENCE',	'2021-02-05T19:29:03.279'),
(48,	87,	-4904,	'TRANSFERENCE',	'2021-02-05T19:29:03.283'),
(90,	51,	-5776,	'TRANSFERENCE',	'2021-02-05T19:29:03.291'),
(56,	9,	-1794,	'TRANSFERENCE',	'2021-02-05T19:29:08.811'),
(59,	65,	-973,	'TRANSFERENCE',	'2021-02-05T19:29:08.818'),
(95,	13,	-8877,	'TRANSFERENCE',	'2021-02-05T19:29:08.831');